{"status":"done","ai_probability":0.8983213504155477,"provider":"aiornot","raw":{"id":"4c755c70-ed22-4aa2-ad53-961c4c139d67","created_at":"2025-11-25T04:36:47.941739","report":{"verdict":"ai","confidence":0.8983213504155477,"duration":16,"total_bytes":255373,"md5":"788ad53e60a355fe64fbdcc3b880ce0b","generator":{"musicgen":0.009426506206583876,"riffusion-v1":0.009657930299745333,"stable-audio-1.0":0.027434208514889445,"beatbot":0.009367604640141148,"boomy":0.008673632973671972,"beathoven":0.011890261031653243,"mubert":0.03314608338265996,"suno":0.38263196443207964,"udio":0.022175412888581433,"voicemod":0.013956978771569135,"aiva":0.020222760833619118,"mureka":0.018244537761785036,"hydra_2":0.007463852737043332,"soundverse":0.013103363661584318,"soundful":0.0054890180825199,"soundraw":0.024774365645856982,"loudly":0.015569908449312069,"mayk":0.008910222915654213,"ace-studio":0.022774477896126244,"rvc":0.33508690887492354}}}}