{"status":"done","ai_probability":0.48532819747924805,"provider":"aiornot","raw":{"id":"bcd08228-cd33-4297-865b-6bac3ba2dde3","created_at":"2025-11-18T06:32:18.907505","report":{"verdict":"ai","confidence":0.48532819747924805,"duration":20,"total_bytes":482157,"md5":"52898a8ce3bbd9ef1aec283b211a5e7c","generator":{"musicgen":0.029250930891905034,"riffusion-v1":0.041602574151732456,"stable-audio-1.0":0.1391834549978846,"beatbot":0.0233812522680166,"boomy":0.03379498671529112,"beathoven":0.03216119793938804,"mubert":0.03630676763577119,"suno":0.15934176788617965,"udio":0.07624882638020866,"voicemod":0.03760653224002647,"aiva":0.02903066540450862,"mureka":0.0468463414427291,"hydra_2":0.0253860527057492,"soundverse":0.03745131038573987,"soundful":0.021945219182687277,"soundraw":0.0227521655380928,"loudly":0.018229106464730648,"mayk":0.01006745962600247,"ace-studio":0.08381903715503233,"rvc":0.09559435098832385}}}}