{"status":"done","ai_probability":0.48536789417266846,"provider":"aiornot","raw":{"id":"1eea74e3-a53f-4534-a6aa-d18387d49d52","created_at":"2025-11-18T17:54:47.777606","report":{"verdict":"ai","confidence":0.48536789417266846,"duration":20,"total_bytes":482157,"md5":"52898a8ce3bbd9ef1aec283b211a5e7c","generator":{"musicgen":0.02924825968852763,"riffusion-v1":0.041595538219643236,"stable-audio-1.0":0.13918245559944684,"beatbot":0.02338184034600539,"boomy":0.03379021991846024,"beathoven":0.03215834750189045,"mubert":0.03630676658333867,"suno":0.15934916515982364,"udio":0.07623910598979886,"voicemod":0.03760537320431056,"aiva":0.02902546983324849,"mureka":0.04684801058080271,"hydra_2":0.0253868376750499,"soundverse":0.03745085774869649,"soundful":0.0219430955963395,"soundraw":0.022753130328963082,"loudly":0.018229343958586542,"mayk":0.010066097933334923,"ace-studio":0.08382875385588373,"rvc":0.09561133027784911}}}}