{"status":"done","ai_probability":0.48541830480098724,"provider":"aiornot","raw":{"id":"b771ce3d-b808-4934-9785-0bdba956e621","created_at":"2025-11-19T06:00:31.565675","report":{"verdict":"ai","confidence":0.48541830480098724,"duration":20,"total_bytes":482157,"md5":"52898a8ce3bbd9ef1aec283b211a5e7c","generator":{"musicgen":0.02924342655382106,"riffusion-v1":0.041599056121856895,"stable-audio-1.0":0.13924324954181283,"beatbot":0.023378097844113235,"boomy":0.03379163317556357,"beathoven":0.032156556851536816,"mubert":0.03629548655259529,"suno":0.1593418940846215,"udio":0.07624089663581611,"voicemod":0.03760038705355102,"aiva":0.029019986046824486,"mureka":0.04683686163759798,"hydra_2":0.025383934516343482,"soundverse":0.03744288409221978,"soundful":0.02193756702883166,"soundraw":0.022743979842516873,"loudly":0.0182186210042053,"mayk":0.01006311121119727,"ace-studio":0.08383861786277592,"rvc":0.09562375234219891}}}}